"name","price","chipset","memory","core_clock","boost_clock","color","length"
"MSI GeForce RTX 3060 Ventus 2X 12G",288," RTX 3060 12GB",12,1320,1777,"Black",235
"Gigabyte WINDFORCE OC",581.19," RTX 4070",12,1920,2490,"Black",261
"Asus ROG STRIX GAMING OC",1979.99," RTX 4090",24,2235,2640,"Black",358
"Gigabyte WINDFORCE OC",799.99," RTX 4070 Ti SUPER",16,2340,2625,"Black",261
"Asus DUAL OC",309.99," RTX 4060",8,1830,2535,"Black",227
"Gigabyte GAMING OC",499," RX 7800 XT",16,1295,2565,"Black",302
"Gigabyte WINDFORCE OC",599.99," RTX 4070 SUPER",12,1980,2505,"Black",261
"ASRock Challenger D",219.99," RX 6600",8,1626,NA,"Black",269
"XFX Speedster SWFT 309",299.99," RX 6700 XT",12,2321,2581,"Black",304
"NVIDIA Founders Edition",1959.99," RTX 4090",24,2230,2520,"Black / Silver",304
"Gigabyte EAGLE",399.99," RTX 4060 Ti",8,2310,NA,"Black",272
"XFX Speedster SWFT 210 Core",219.99," RX 6650 XT",8,2055,2635,"Black / Silver",241
"Asus ROG STRIX GAMING OC",1979.99," RTX 4090",24,2235,2640,"White",358
"Gigabyte AERO OC",319.99," RTX 4060",8,1830,NA,"White",281
"Asus TUF GAMING",1369," RTX 4080 SUPER",16,2210,2580,"Black",348
"Gigabyte EAGLE",199.99," RX 6600",8,1626,2491,"Black / Silver",282
"Gigabyte GAMING OC",409.99," RX 7700 XT",12,1700,2599,"Black",302
"XFX Speedster MERC 310 Black Edition",916.94," RX 7900 XTX",24,2300,2615,"Black / Silver",344
"XFX Speedster SWFT 319",359.99," RX 6800",16,1700,2105,"Black",340
"Asus DUAL OC",609," RTX 4070 SUPER",12,1980,2550,"Black",267
"MSI VENTUS 2X BLACK OC",293," RTX 4060",8,1830,2505,"Black",199
"XFX GTS XXX",129.99," RX 580",8,1366,1386,"Black / Red",270
"Gigabyte WINDFORCE OC",299.99," RTX 4060",8,1830,NA,"Black",192
"Sapphire PULSE",699.99," RX 7900 XT",20,2000,2450,"Black / Red",313
"Asus TUF GAMING OC",839.99," RTX 4070 Ti SUPER",16,2340,2670,"Black",305
"Asus DUAL OC",604.47," RTX 4070",12,2520,2550,"Black",267
"MSI RTX 3060 Ventus 3X 12G OC",299.99," RTX 3060 12GB",12,1320,1807,"Black",316
"ASRock Challenger OC",399.99," RX 7700 XT",12,1700,2584,"Black",266
"Asus ROG Matrix Platinum",4699," RTX 4090",24,2670,2700,"Black / Silver",286
"Asus DUAL OC",569.99," RTX 4070",12,2520,2550,"White",267
"Zotac GAMING Trinity",1087.93," RTX 4080 SUPER",16,2210,2550,"Black",307
"XFX Speedster QICK 319 Core",299.99," RX 6750 XT",12,2150,2600,"Black",323
"Asus DUAL OC",384.99," RTX 4060 Ti",8,2310,2595,"Black",227
"MSI VENTUS 3X OC",1029.99," RTX 4080 SUPER",16,2210,2595,"Black",322
"Zotac GAMING Trinity OC",839.99," RTX 4070 Ti SUPER",16,2340,2625,"White",307
"Sapphire PULSE",519.99," RX 7800 XT",16,1295,NA,"Black / Red",280
"Gigabyte GAMING OC",549.99," RX 7900 GRE",16,1270,2391,"Black",302
"Gigabyte AERO OC",679.99," RTX 4070 SUPER",12,1980,2565,"White / Silver",300
"Gigabyte GAMING OC",329.99," RX 7600 XT",16,1720,NA,"Black / Gray",281
"Asus TUF GAMING OC",1779," RTX 4090",24,2235,2595,"Black",348
"Sapphire NITRO+",1029.99," RX 7900 XTX",24,2300,2680,"Silver / Black",320
"NVIDIA Founders Edition",485," RTX 3060 Ti",8,1410,1670,"Black / Silver",242
"Sapphire PURE",539.99," RX 7800 XT",16,1295,2475,"White",320
"Sapphire PULSE",929.99," RX 7900 XTX",24,2300,2525,"Black / Red",313
"Gigabyte WINDFORCE V2",1233," RTX 4080 SUPER",16,2210,2550,"Black",330
"Sapphire PULSE",399.99," RX 7700 XT",12,1700,2544,"Black / Red",280
"Asus ProArt OC",1149.99," RTX 4080 SUPER",16,2210,2640,"Black / Gold",300
"ASRock Challenger OC",499.99," RX 7800 XT",16,1295,2475,"Black",267
"Gigabyte GAMING OC",1799.99," RTX 4090",24,2235,NA,"Black",340
"Sapphire PULSE",549.99," RX 7900 GRE",16,1270,2290,"Black / Red",320
"PowerColor Fighter",199.99," RX 6600",8,1626,2491,"Black",200
"NVIDIA Founders Edition",714.99," RTX 4070",12,1920,2480,"Black / Silver",244
"Asus ROG STRIX GAMING OC",1299.99," RTX 4080 SUPER",16,2210,2670,"White",358
"Zotac GAMING Trinity",779.99," RTX 4070 Ti SUPER",16,2340,2610,"Black",307
"Asus TUF GAMING OC",1099.99," RTX 4080 SUPER",16,2210,2640,"Black",348
"MSI VENTUS 2X BLACK OC",479.06," RTX 4060 Ti",16,2310,2625,"Black",199
"XFX Speedster SWFT 210",199.99," RX 6600",8,1626,2491,"Black",241
"MSI VENTUS 2X OC",179.99," RTX 3050 6GB",6,1040,1492,"Black",189
"Zotac GAMING Trinity OC",1069.99," RTX 4080 SUPER",16,2210,2565,"White",307
"Zotac Twin Edge",589.99," RTX 4070 SUPER",12,1980,2475,"Black",234
"Sapphire PULSE",269.99," RX 7600",8,1720,2755,"Black / Red",240
"Asus Dual GeForce RTX 3060 V2 OC Edition",289.99," RTX 3060 12GB",12,1320,1867,"Black",200
"Asus ROG STRIX GAMING OC",1249.99," RTX 4080 SUPER",16,2210,2670,"Black",358
"Gigabyte GAMING OC Rev 2.0",534.99," RTX 3070 LHR",8,1500,1815,"Black",286
"XFX RX-79GMERCB9",540.53," RX 7900 GRE",16,1270,2395,"Black",335
"Gigabyte WINDFORCE OC",819.99," RTX 4070 Ti",12,2310,2625,"Black / Silver",261
"PNY VERTO OC",999.98," RTX 4080 SUPER",16,2210,2565,"Black",340
"XFX Speedster SWFT 319 Core",399.99," RX 6800",16,1700,2105,"Black",340
"PowerColor Hellhound",949.99," RX 7900 XTX",24,2300,2525,"Black",320
"ASRock Phantom Gaming OC",699.99," RX 7900 XT",20,2000,2450,"Black",330
"Sapphire PURE",419.99," RX 7700 XT",12,1700,2584,"White",320
"XFX Speedster QICK 319 Core",499.99," RX 7800 XT",16,1295,2430,"Black",335
"MSI GAMING X SLIM",849.99," RTX 4070 Ti SUPER",16,2340,2685,"Black / Silver",307
"ASRock Phantom Gaming OC",709.99," RX 7900 XT",20,2000,2450,"White",330
"MSI VENTUS 3X OC",619.99," RTX 4070 SUPER",12,1980,2520,"Black",308
"Asus DUAL",599.99," RTX 4070",12,2475,2505,"Black",267
"MSI SUPRIM LIQUID X",1899," RTX 4090",24,2235,NA,"Black / Silver",280
"Gigabyte AERO OC",879.99," RTX 4070 Ti SUPER",16,2340,2655,"White / Silver",300
"PowerColor Hellhound OC",519.99," RX 7800 XT",16,1295,2520,"Black",322
"Asus ProArt OC",509.99," RTX 4060 Ti",16,2310,2685,"Black / Gold",300
"Gigabyte EAGLE OC",304.99," RTX 4060",8,1830,NA,"Black",272
"Asus TUF GAMING OC",859.99," RTX 4070 Ti SUPER",16,2340,2670,"White",305
"XFX Speedster SWFT 210 Core",259.99," RX 7600",8,1875,2655,"Black",241
"Gigabyte AERO OC",1149.99," RTX 4080 SUPER",16,2210,2595,"White / Silver",342
"Gigabyte AERO OC",427.99," RTX 4060 Ti",8,2310,NA,"White / Silver",281
"Gigabyte AERO OC",1849.72," RTX 4090",24,2520,2535,"Silver / White",342
"Asus TUF GAMING",2189.98," RTX 4090",24,2235,2550,"Black",348
"ASRock Challenger D OC",239.99," RX 6600 XT",8,1968,NA,"Black",269
"Sapphire NITRO+",569.99," RX 7800 XT",16,1295,NA,"Black",320
"MSI VENTUS 2X OC",304.99," RTX 4060",8,1830,2505,"White / Silver",199
"Sapphire PURE",559.99," RX 7900 GRE",16,1270,2333,"White",320
"Gigabyte GAMING OC",599," RTX 4070 SUPER",12,1980,2565,"Black",300
"Asus DUAL OC",619.99," RTX 4070 SUPER",12,1980,2550,"White",267
"EVGA FTW3 ULTRA GAMING",719.99," RTX 3080 10GB",10,1440,1800,"Black",300
"Gigabyte GAMING OC",1099.99," RTX 4080 SUPER",16,2210,2595,"Black",342
"MSI VENTUS XS OC",299.89," GTX 1660 SUPER",6,1530,1815,"Black / Silver",204
"ASRock Challenger",224.99," RX 6600",8,1626,2491,"White",269
"MSI GAMING X SLIM",703.09," RTX 4070",12,1920,2625,"Black / Gray",307
"Zotac GAMING Twin Edge OC",599.99," RTX 4070 SUPER",12,1980,2490,"Black",234
"MSI VENTUS 2X XS OC",199.99," RTX 3050 8GB",8,1550,1807,"Black / Gray",205
"PNY VERTO OC",799.99," RTX 4070 Ti SUPER",16,2340,2625,"Black",305
"ASRock Challenger Pro OC",379.99," RX 6750 XT",12,2150,2618,"Black",303
"NVIDIA Founders Edition",1389.99," RTX 4080",16,2210,2510,"Black / Silver",304
"Zotac GAMING Twin Edge OC",319.99," RTX 4060",8,1830,2490,"White",221
"MSI VENTUS 2X OC",259," RTX 3060 8GB",8,1320,1807,"Black",235
"Asus DUAL OC",179.99," RTX 3050 6GB",6,1040,1537,"Black",201
"MSI GAMING TRIO CLASSIC",999.99," RX 7900 XTX",24,2300,2500,"Black / Silver",325
"Asus DUAL V2",229.99," RX 6600",8,1626,2491,"Black",243
"Gigabyte GAMING OC Rev 2.0",385.33," RTX 3060 12GB",12,1320,1837,"Black / Gray",282
"ASRock Challenger D OC",199.99," RX 5700 XT",8,1650,1905,"Black / Yellow",281
"XFX Speedster QICK 319 Core",349.99," RX 6750 XT",12,2150,2600,"Black / Silver",323
"XFX Speedster MERC 310",699.99," RX 7900 XT",20,2000,2535,"Black / Silver",344
"Gigabyte GAMING OC",309.99," RTX 4060",8,1830,NA,"Black",281
"MSI GAMING X SLIM",604.99," RTX 4070 SUPER",12,1980,2655,"Black",307
"MSI GeForce RTX 2060 VENTUS GP OC",329," RTX 2060",6,1365,1710,"Gray / Black",231
"ASRock Taichi OC",1149.99," RX 7900 XTX",24,2300,2680,"White",345
"Gigabyte WINDFORCE V2",1949.95," RTX 4090",24,2235,2520,"Black",331
"Asus TUF GAMING OC",649.99," RTX 4070",12,2550,2580,"Black",301
"NVIDIA Founders Edition",939.99," RTX 3080 Ti",12,1370,1670,"Silver / Black",285
"Asus TUF GAMING OC",700.09," RX 7800 XT",16,1295,2565,"Black",320
"Gigabyte AERO OC",514.99," RTX 4060 Ti",16,2310,2595,"White / Silver",281
"Gigabyte EAGLE OC",829.99," RTX 4070 Ti SUPER",16,2340,2640,"Black",261
"Asus TUF GAMING OC",999.99," RTX 4070 Ti",12,2310,2760,"Black",305
"ASRock Challenger OC",169.99,"Arc A580",8,1700,2000,"Black",271
"Asus Phoenix OC",215.43," GTX 1650 G6",4,1410,1665,"Black",178
"Asus DUAL OC",339.99," RX 7600 XT",16,1720,2801,"Black",227
"MSI VENTUS 2X OC",544.99," RTX 4070",12,1920,2520,"White / Silver",242
"Gigabyte GAMING OC",919.99," RX 7900 XTX",24,2300,2525,"Black",331
"Acer Predator BiFrost OC",349.99,"Arc A770",16,2200,2400,"Black / Silver",267
"XFX Speedster MERC 310 Black Edition",729.99," RX 7900 XT",20,2000,2560,"Black / Silver",344
"Asus TUF GAMING OC",1069.99," RX 7900 XTX",24,2300,2615,"Black",353
"Gigabyte WINDFORCE OC",623.16," RTX 4060 Ti",16,2310,2565,"Black / Silver",201
"MSI GAMING X SLIM",1099.99," RTX 4080 SUPER",16,2210,2625,"Black",322
"Sapphire PULSE",339.99," RX 7600 XT",16,1720,2810,"Black / Red",250
"Intel Limited Edition",231.57,"Arc A750",8,2050,NA,"Black",250
"Zotac Twin Edge OC",299.99," RTX 4060",8,1830,2475,"Black / Silver",221
"ASRock Challenger OC",549.99," RX 7900 GRE",16,1270,2293,"Black",269
"Gigabyte WINDFORCE OC Rev 2.0",294.99," RTX 3060 12GB",12,1320,1792,"Black",198
"MSI RTX 4090 GAMING SLIM 24G",1799.99," RTX 4090",24,2235,2535,"Black",322
"Sapphire NITRO+",599.99," RX 7900 GRE",16,1270,2391,"Black",320
"MSI GAMING X TRIO",1819.99," RTX 4090",24,2235,NA,"Black",337
"XFX Speedster MERC 319 Black",509.99," RX 7800 XT",16,1295,2565,"Black / Silver",326
"NVIDIA 9001G4112520001",214.99," GTX 1070",8,1506,1683,"Black / Silver",267
"MSI VENTUS 2X OC",599.99," RTX 4070 SUPER",12,1980,2520,"Black",242
"Asus DUAL OC",309.99," RTX 4060",8,1830,2535,"White",227
"Sapphire PULSE",199.99," RX 6600",8,1626,2491,"Black / Red",193
"ASRock Phantom Gaming D OC",139.99," RX 6500 XT",4,2365,2820,"Black",240
"Asus ROG STRIX GAMING OC",949.99," RTX 4070 Ti SUPER",16,2340,2700,"Black",336
"Gigabyte EAGLE OC",599.99," RTX 4070 SUPER",12,1980,2535,"Black",261
"PowerColor Fighter",329.99," RX 7600 XT",16,1720,2755,"Black",217
"XFX Speedster SWFT 210",319.99," RX 7600 XT",16,1720,2755,"Black",272
"MSI D6 VENTUS XS OCV3",139.99," GTX 1650 G6",4,1410,1620,"Silver / Black",179
"MSI GAMING X",319.99," RTX 4060",8,1830,2610,"Black",247
"MSI VENTUS 2X BLACK OC",389.99," RTX 4060 Ti",8,2310,NA,"Black",199
"Gigabyte GAMING OC",829.99," RTX 4070 Ti SUPER",16,2340,2655,"Black",300
"ASRock Steel Legend OC",689.99," RX 7800 XT",16,1295,2520,"White",304
"MSI VENTUS 3X OC",781.33," RTX 4070 Ti",12,2310,2655,"Silver / Black",308
"Asus DUAL OC",499.99," RX 7800 XT",16,1295,2520,"Black",280
"MSI SUPRIM X",2384.81," RTX 4090",24,2235,NA,"Black / Silver",336
"EVGA FTW3 ULTRA GAMING",660.04," RTX 3070 Ti",8,1575,1860,"Black",300
"MSI SUPRIM X",1199.99," RTX 4080 SUPER",16,2210,2655,"Silver / Black",336
"MSI GeForce RTX 3080 VENTUS 3X 10G OC",844.99," RTX 3080 10GB",10,1440,NA,"Black",305
"MSI EXPERT",1049.99," RTX 4080 SUPER",16,2210,2625,"Copper / Black",312
"PowerColor Hellhound OC",579.99," RX 7900 GRE",16,1270,2366,"Black",332
"MSI GAMING X SLIM",1859," RTX 4090",24,2235,2610,"Black",322
"Zotac GAMING Twin Edge",885.98," RTX 3060 12GB",12,1320,1777,"Black",224
"Asus ProArt OC",859.99," RTX 4070 Ti SUPER",16,2340,2670,"Black / Gold",300
"Gigabyte AORUS XTREME WATERFORCE",1999.99," RTX 4090",24,2235,NA,"Black",238
"Gigabyte GAMING OC",259.99," RX 7600",8,1720,2755,"Black / Silver",282
"PowerColor Hellhound",729.99," RX 7900 XT",20,2000,2500,"Black",320
"ASRock Phantom Gaming OC",929.99," RX 7900 XTX",24,2300,2615,"Black",330
"Asus DUAL OC",399.99," RTX 4060 Ti",8,2310,2595,"White",227
"NVIDIA Founders Edition",1495.99," RTX 3090 Ti",24,1560,1860,"Silver / Black",313
"MSI VENTUS 2X OC",619.99," RTX 4070 SUPER",12,1980,2520,"White",242
"ASRock Challenger OC",279.99,"Arc A770",16,2100,2150,"Black",271
"Asus TUF Gaming OG OC",1779," RTX 4090",24,2235,2595,"Black",326
"MSI VENTUS 3X OC",829.99," RTX 4070 Ti SUPER",16,2340,2655,"Black / Silver",308
"XFX Speedster MERC 319 CORE",429.99," RX 6800 XT",16,1825,2250,"Black / Silver",340
"ASRock Intel Arc A380 Challenger ITX",109.99,"Arc A380",6,2250,NA,"Black",190
"ASRock Steel Legend OC",269.99," RX 7600",8,1720,2725,"White",303
"Gigabyte OC Low Profile",319.99," RTX 4060",8,1830,2475,"Black",182
"PowerColor Fighter OC",549.99," RX 7900 GRE",16,1270,2293,"Black",303
"PNY VERTO OC",599.99," RTX 4070 SUPER",12,1980,2490,"Black",247
"MSI VENTUS 3X OC",399," RTX 4060 Ti",8,2310,NA,"Black",308
"PNY VERTO",289.99," RTX 4060",8,1830,2460,"Black",210
"Zotac GAMING SOLO",364.29," RTX 4060",8,1830,2460,"Black",163
"Gigabyte GAMING OC",749.99," RX 7900 XT",20,2000,2535,"Black",331
"Zotac GAMING Trinity OC",829.99," RTX 4070 Ti",12,2310,2625,"Black",307
"Asus TUF GAMING OC",659," RTX 4070 SUPER",12,1980,2595,"Black",301
"Gigabyte GAMING OC",589.99," RTX 4070",12,1920,2565,"Black",300
"Asus TUF GAMING OC",326.45," GTX 1660 SUPER",6,1530,1845,"Black",206
"ASRock Taichi OC",989.99," RX 7900 XTX",24,2300,2680,"Black",345
"XFX Speedster QICK 319 BLACK",406.94," RX 7700 XT",12,1700,2599,"Black",335
"MSI GeForce RTX 2070 SUPER VENTUS GP OC",679," RTX 2070 SUPER",8,1605,1785,"Silver / Black",258
"EVGA FTW3 ULTRA GAMING",1314.99," RTX 3090",24,1395,1800,"Black",300
"PowerColor Fighter",349.99," RX 6750 XT",12,2150,2600,"Black",230
"PowerColor Hellhound Spectral",579.99," RX 7800 XT",16,1295,2520,"White",322
"Asus TUF GAMING OC",577.82," RTX 3070",8,1500,1845,"Black",300
"MSI VENTUS 3X OC",479.99," RTX 4060 Ti",16,2310,2625,"Silver / Black",308
"MSI GTX 1050 Ti 4GT OC",262," GTX 1050 Ti",4,1341,1455,"Black / White",215
"Asus STRIX GAMING",599," GTX 1080 Ti",11,1493,1632,"Black",298
"PowerColor Red Devil OC",519.99," RX 7800 XT",16,1295,2565,"Black",332
"ASRock Steel Legend OC",569.99," RX 7900 GRE",16,1270,2333,"White",304
"Asus TUF GAMING OC",379.99," RX 7600 XT",16,1720,2830,"Black",300
"MSI VENTUS 3X E OC",1899.99," RTX 4090",24,2235,2565,"Silver / Black",322
"Asus DUAL Advanced",449.99," RTX 4060 Ti",16,2310,2580,"Black",227
"Gigabyte AORUS MASTER",1199.99," RTX 4080 SUPER",16,2210,2625,"Black",357
"MSI VENTUS 2X OC",549.99," RTX 4070",12,1920,2520,"Silver / Black",242
"Asus DUAL OC V2",279.99," RX 7600",8,1720,2715,"Black",245
"Gigabyte GAMING OC",559," RTX 3070",8,1500,1815,"Black / Silver",286
"Asus DUAL EVO OC",599.99," RTX 4070 SUPER",12,1980,2550,"Black",227
"MSI VENTUS 3X OC",395.99," RTX 3060 Ti LHR",8,1410,1695,"Black / Gray",316
"PowerColor Red Devil",999.99," RX 7900 XTX",24,2300,2565,"Black",338
"PNY VERTO",439.99," RTX 4060 Ti",16,2310,2535,"Black",245
"Zotac GAMING Twin Edge OC",449," RTX 3070",8,1500,1755,"Black",232
"Asus DUAL",609.99," RTX 4070 SUPER",12,1980,2505,"Black",267
"Sapphire 21330-01-20G",509.99," RX 7800 XT",16,1295,2430,"Black",267
"Asus TUF GAMING OC",799.99," RX 7900 XT",20,2000,NA,"Black",353
"PNY VERTO",1749.99," RTX 4090",24,2235,2520,"Black",337
"PowerColor Fighter",249.99," RX 6650 XT",8,2055,2635,"Black",200
"MSI VENTUS 3X OC",554.99," RTX 4070",12,1920,NA,"Silver / Black",308
"PNY XLR8 Gaming VERTO EPIC-X RGB OC",1029.99," RTX 4080 SUPER",16,2210,2595,"Black",332
"Gigabyte AERO OC V2",809.99," RTX 4070 Ti",12,2310,2640,"White / Silver",300
"PowerColor Fighter OC",399.99," RX 7700 XT",12,1700,2584,"Black",290
"MSI GAMING X SLIM",606," RTX 4060 Ti",16,2310,2685,"White",307
"ASRock Phantom Gaming D OC",499.99," RX 6800 XT",16,1825,NA,"Black / Silver",330
"PNY VERTO",583.61," RTX 4070",12,1920,2475,"Black",247
"EVGA FTW3 ULTRA GAMING LE iCX3",949.99," RTX 3080 Ti",12,1365,1800,"Black",300
"EVGA FTW3 ULTRA GAMING",571.99," RTX 3070",8,1500,1815,"Black / Silver",300
"Asus DUAL OC",799.99," RTX 4070 Ti SUPER",16,2340,2655,"Black",267
"MSI VENTUS 3X",799.99," RTX 4070 Ti SUPER",16,2340,2625,"Silver / Black",308
"Sapphire PULSE",139.99," RX 6500 XT",4,2310,2825,"Black / Red",194
"Gigabyte EAGLE OC",167," RTX 3050 6GB",6,1040,1500,"Black",192
"Asus ROG STRIX GAMING",1979.99," RTX 4090",24,2235,2550,"White",358
"Asus ROG STRIX OC",389," RTX 4060",8,1830,2700,"Black",311
"PowerColor Hellhound OC",439.99," RX 7700 XT",12,1700,2599,"Black",332
"XFX Speedster QICK 309",329," RX 7600 XT",16,1720,2810,"Black",302
"ASRock Challenger D",199.99,"Arc A750",8,2200,NA,"Black",271
"PowerColor Fighter OC",509.99," RX 7800 XT",16,1295,2475,"Black",290
"MSI GAMING X",289," GTX 1660 SUPER",6,1530,1830,"Black",247
"Asus DUAL OC",439.99," RX 7700 XT",12,1700,2599,"Black",280
"Gigabyte AERO OC",489.99," RTX 4070",12,1920,2565,"White / Silver",300
"MSI VENTUS 3X OC",599.99," RTX 3070 Ti",8,1575,1800,"Black / Silver",316
"PowerColor Hellhound Spectral",1399," RX 7900 XTX",24,2300,2525,"White",338
"Zotac GAMING Twin Edge OC",314.99," RTX 3060 12GB",12,1320,1807,"Black",224
"EVGA XC3 ULTRA GAMING",494.02," RTX 3070",8,1500,1770,"Black / Silver",285
"EVGA XC GAMING",397," RTX 3060 12GB",12,1320,1882,"Black",202
"Asus Noctua OC",1349.99," RTX 4080 SUPER",16,2210,2640,"Brown / Black",310
"Gigabyte GAMING OC",616.46," RTX 4060 Ti",16,2310,2595,"Black",281
"Gigabyte AORUS MASTER",1899.99," RTX 4090",24,2235,NA,"Black",358
"Sapphire PULSE",585.95," RX 6700 XT",12,2321,2581,"Black",260
"XFX Speedster MERC 319",549.99," RX 6950 XT",16,2009,2368,"Black",340
"MSI VENTUS 2X OC",940.31," RTX 4070 Ti SUPER",16,2340,2655,"Black / Silver",242
"MSI GeForce GTX 1650 SUPER",379," GTX 1650 SUPER",4,1530,1755,"Black / Silver",248
"Zotac Twin Edge OC",329," RTX 3060 Ti",8,1410,1695,"Black",222
"NVIDIA Founders Edition",469.98," RTX 2080",8,1515,1800,"Black / Silver",267
"MSI GAMING X SLIM",1169.99," RTX 4080",16,2205,2610,"White / Silver",322
"MSI VENTUS 3X OC",1166.89," RTX 4080",16,2205,NA,"Black",322
"XFX Speedster QICK 308 Black",269.99," RX 7600",8,1875,2755,"Black",272
"Sparkle ORC OC",159.99,"Arc A580",8,1700,2000,"Blue / Black",222
"Gigabyte WINDFORCE OC",363.2," RTX 3060 12GB",12,1320,1792,"Black",198
"Asus Phoenix OC",242," GTX 1660 SUPER",6,1530,1830,"Black / White",174
"Asus ProArt OC",579.99," RTX 4070",12,1920,2565,"Black",300
"ASRock Low Profile",119.99,"Arc A380",6,2000,NA,"Black",169
"Asus ROG STRIX GAMING OC",749," RTX 4070 SUPER",12,1980,2670,"Black",339
"EVGA SC ULTRA GAMING",210," GTX 1660",6,1530,1830,"Silver / Black",202
"Zotac GAMING Twin Edge OC",633.82," RTX 4070",12,1920,2490,"White",226
"MSI VENTUS 2X OC",819.99," RTX 4070 Ti SUPER",16,2340,2655,"White / Silver",242
"Gigabyte WINDFORCE OC",390.99," RTX 4060 Ti",8,2310,2550,"Black / Silver",201
"Asus Phoenix GeForce RTX 3060 V2",346.11," RTX 3060 12GB",12,1320,1807,"Black",177
"Gigabyte OC",380," GTX 1660 Ti",6,1500,1800,"Black / Gray",226
"MSI VENTUS 2X OC",749.99," RTX 4070 Ti",12,2310,2655,"Silver / Black",242
"Asus DUAL",279," RX 6600",8,1626,2491,"Black / Silver",243
"Gigabyte GAMING OC",799.01," RTX 3070 Ti",8,1575,1830,"Black / Silver",320
"Asus DUAL OC",499," RTX 4060 Ti",16,2310,2625,"Black",227
"Asus TUF GAMING OC",879.99," RTX 4070 Ti",12,2310,2760,"White",305
"MSI GAMING X SLIM",623.16," RTX 4060 Ti",16,2310,2685,"Black",307
"Gigabyte GAMING OC",799.99," RTX 4070 Ti",12,2310,2640,"Black",336
"Zotac GAMING Trinity OC",899," RTX 3090",24,1395,1710,"Black",318
"Asus TUF GAMING OC",615," RTX 3060 Ti",8,1410,1785,"Black",302
"PNY VERTO",391.36," RTX 3060 Ti LHR",8,1410,1665,"Black",247
"Sparkle TITAN OC",319.99,"Arc A770",16,2100,2300,"Blue / Black",306
"PNY XLR8 Gaming VERTO EPIC-X RGB OC",1761.06," RTX 4090",24,2230,2565,"Black",332
"Asus ROG STRIX OC EVA-02",5024.6," RTX 4090",24,2235,2640,"Red / Black",358
"EVGA KO ULTRA GAMING",324.2," RTX 2060",6,1365,1755,"Black",202
"MSI RX 6600 XT MECH 2X 8G OC",433.51," RX 6600 XT",8,1968,2602,"Black / Silver",235
"MSI RTX 3070 GAMING X TRIO",550.66," RTX 3070",8,1500,1830,"Black / Silver",323
"MSI GAMING TRIO",1879.99," RTX 4090",24,2235,NA,"Black",337
"Gigabyte GAMING OC",399.99," RX 5700 XT",8,1650,1905,"Black",280
"Zotac GAMING Twin Edge",487.07," RTX 4060 Ti",8,2310,2535,"Black",226
"Asus ROG STRIX GAMING OC",1049.99," RTX 4070 Ti",12,2310,2790,"Black",336
"Asus STRIX GAMING OC",979," RTX 2080 Ti",11,1350,1665,"Black",305
"ASRock Phantom Gaming OC",299.99,"Arc A770",16,2100,NA,"Black",305
"Gigabyte GAMING OC",259.99," RTX 3050 8GB",8,1550,NA,"Black",282
"PowerColor Hellhound OC",829.99," RX 7900 XT",20,2000,2500,"White",320
"MSI GAMING X TRIO",1587," RTX 4080",16,2205,2610,"Black",337
"Asus TUF GAMING OC",439.99," RTX 4060 Ti",8,2310,2655,"Black",300
"MSI GAMING X SLIM",858.58," RTX 4070 SUPER",12,1980,2655,"White",307
"MSI LP OC",179.99," RTX 3050 6GB",6,1040,1492,"Black",174
"NVIDIA Founders Edition",746.96," RTX 2070 SUPER",8,1605,1770,"Silver",267
"MSI GAMING X",409.99," RTX 4060 Ti",8,2310,NA,"Black",247
"Gigabyte GAMING OC",409.99," RTX 4060 Ti",8,2310,NA,"Black",281
"Asus ROG STRIX GAMING OC",698.05," RTX 4070",12,1920,2640,"Black / Red",339
"ASRock Phantom Gaming OC",529.99," RX 7800 XT",16,1295,2565,"Black",328
"Asus ROG STRIX LC GAMING OC",3458.49," RTX 4090",24,2235,2640,"Black / Silver",293
"Asus ROG STRIX-GTX1070-O8G-GAMING",569.97," GTX 1070",8,1632,1860,"Black",298
"XFX Speedster SWFT 210 Core",229.99," RX 6650 XT",8,2055,2635,"Black",241
"Asus DUAL",512.43," GTX 1060 6GB",6,1594,1809,"White",242
"MSI RX 580 8G",260," RX 580",8,1257,1340,"Black / Red",243
"EVGA SC2",485," GTX 1080 Ti",11,1556,1670,"Silver",267
"MSI MECH 2X OC",279.99," RX 6650 XT",8,2055,NA,"Silver / Black",235
"Gigabyte AORUS MASTER",899.99," RTX 4070 Ti SUPER",16,2340,2670,"Black",342
"Asus ProArt OC",849.99," RTX 4070 Ti",12,2310,2760,"Black / Gold",300
"Sapphire NITRO+",947.48," RX 7900 XT",20,2000,2560,"Silver / Black",320
"Asus DUAL OC",530.65," RTX 3060 Ti",8,1410,1710,"White",230
"XFX Speedster SWFT 319",409.99," RX 6800 XT",16,1825,2250,"Black",340
"Asus DUAL OC",449," RTX 3060 12GB",12,1320,1867,"White",200
"Asus ROG STRIX GAMING OC",1608.48," RTX 4080",16,2205,2655,"Black / Red",358
"ASRock Challenger OC",259.99," RX 7600",8,1720,2695,"Black",269
"PNY XLR8 Gaming VERTO EPIC-X RGB",389.99," RTX 4060 Ti",8,2310,2535,"Black",305
"MSI GAMING X SLIM",819.82," RTX 4070",12,1920,2625,"White",307
"Asus STRIX GAMING OC",1439.99," RTX 3090",24,1395,1890,"Black",318
"Asus DUAL OC",468.1," RTX 3070",8,1500,NA,"Black",267
"EVGA XC3 ULTRA GAMING",769.9," RTX 3080 10GB",10,1440,1755,"Black",285
"Asus ROG STRIX GAMING",1949.99," RTX 4090",24,2235,2550,"Black",358
"PowerColor Red Dragon OC",698," RX 6800 XT",16,1825,2310,"Black",310
"MSI GAMING X SLIM",869.99," RTX 4070 Ti SUPER",16,2340,2685,"White / Silver",307
"ASRock Challenger D OC",139," RX 5500 XT",4,1685,1845,"Black / Yellow",241
"Asus DUAL EVO OC",309.99," RTX 4060",8,1830,2535,"Black",227
"Asus ROG STRIX GAMING OC",1438.99," RTX 3080 Ti",12,1365,1845,"Black / Silver",318
"MSI Ventus XS OCV1",159.99," GTX 1650 G6",4,1410,1620,"Black / Silver",179
"MSI GAMING X SLIM MLG",604.99," RTX 4070 SUPER",12,1980,2655,"Black / Red",307
"Zotac GAMING AMP",229.99," GTX 1660 SUPER",6,1530,1845,"Black",210
"Gigabyte OC Low Profile",189.99," RTX 3050 6GB",6,1040,1477,"Black",181
"Gigabyte WINDFORCE 2X OC",549.99," RTX 4070",12,2475,2490,"Black / Silver",201
"Gigabyte AERO OC",1469.99," RTX 4080",16,2205,2535,"White",342
"Asus TUF GAMING",999.9," RTX 4070 Ti",12,2310,2640,"Black",305
"PowerColor Fighter",259.99," RX 7600",8,1720,2655,"Black",212
"Zotac GAMING AMP Holo",869.99," RTX 4070 Ti SUPER",16,2340,2640,"Black",356
"Zotac GAMING AMP Extreme AIRO",2995," RTX 4090",24,2235,2580,"Black / Silver",356
"MSI GAMING X TRIO",699.99," RTX 3070 Ti",8,1575,1830,"Black / Silver",323
"PNY XLR8 Gaming VERTO EPIC-X RGB OC",829.99," RTX 4070 Ti SUPER",16,2340,2655,"Black",333
"Asus TUF GAMING OC V2",308.99," RTX 3060 12GB",12,1320,1882,"Black",301
"MSI GAMING X",247.25," GTX 1050 Ti",4,1290,1493,"Black / Red",229
"Gigabyte GAMING OC V2",1014.76," RTX 4070 Ti",12,2310,2640,"Black",300
"Asus ROG STRIX GAMING OC",1649.9," RTX 4080",16,2205,2655,"White",358
"Gigabyte GAMING OC",1229.27," RTX 3080 Ti",12,1365,1770,"Black / Silver",320
"MSI VENTUS 2X E OC",694.92," RTX 4070",12,1920,2520,"Silver / Black",245
"ASRock Phantom Gaming D",139.9," RX 570",4,1168,1244,"Black",236
"Zotac GAMING Twin Edge",540.52," RTX 4060 Ti",16,2310,2535,"Black",226
"Asus TUF GAMING OC V2",929," RTX 3080 10GB LHR",10,1440,1815,"Black",300
"Sapphire NITRO+",550.79," RX 7700 XT",12,1700,NA,"Black",320
"MSI GAMING X",499.99," GTX 1070",8,1506,1797,"Black / Red",279
"NVIDIA Founders Edition",978," RTX 2080 Ti",11,1350,1635,"",267
"PNY VERTO",379.99," RTX 4060 Ti",8,2310,2535,"Black",245
"Acer Predator BiFrost OC",229.99,"Arc A750",8,2050,NA,"Black",267
"MSI GeForce RTX 3090 TI GAMING X TRIO 24G",1545.95," RTX 3090 Ti",24,1560,1920,"Black",325
"MSI GAMING X TRIO",1045," RTX 4070 Ti",12,2310,2760,"Black",337
"Inno3D Twin X2",346.7," RTX 3060 12GB",12,1320,1777,"Black",240
"Asus TUF GAMING OC",568.13," RX 7700 XT",12,1700,2599,"Black",320
"Gigabyte WINDFORCE",2149," RTX 4090",24,2235,2520,"Black",331
"MSI GAMING X SLIM",779.99," RTX 4070 Ti",12,2310,2745,"Black",307
"PowerColor Red Devil",571.26," RX 6700 XT",12,2321,2622,"Black",320
"Sapphire NITRO+",459," RX 580",8,1257,1411,"Black",260
"Asus ProArt OC",669.99," RTX 4070 SUPER",12,1980,2565,"Black / Gold",300
"EVGA BLACK GAMING",1213.99," RTX 2080 SUPER",8,1650,1815,"Black",270
"Zotac GAMING Trinity OC",799.99," RTX 4070 Ti",12,2310,2625,"White",307
"ASRock Phantom Gaming OC",449.99," RX 7700 XT",12,1700,2599,"Black",328
"Asus TUF GAMING OC",311.04," GTX 1650 SUPER",4,1530,1800,"Black",206
"PowerColor Hellhound Sakura OC",599.99," RX 7800 XT",16,1295,2520,"White / Pink",322
"MSI VENTUS 2X OC",489.9," RTX 3060 Ti",8,1410,1695,"Black / Silver",232
"Asus ROG STRIX GAMING OC",899.99," RTX 3070 Ti",8,1575,NA,"Black / Silver",318
"Asus DUAL OC",330.71," RTX 3050 8GB",8,1550,1852,"Black",200
"ASRock Steel Legend OC",551.41," RX 7700 XT",12,1700,2599,"White",304
"EVGA FTW3 ULTRA GAMING",1549.95," RTX 3090 Ti",24,1560,1920,"Black",300
"Zotac GAMING Twin Edge OC",419.99," RTX 4060 Ti",8,2310,2565,"White",226
"Asus TUF GAMING OC",699.99," RTX 3070 Ti",8,1575,1815,"Black / Silver",300
"EVGA XC3 ULTRA GAMING",679.99," RTX 3070 Ti",8,1575,1815,"Black",285
"Gigabyte AORUS MASTER",699.99," RTX 4070 SUPER",12,1980,2655,"Black",342
"PNY XLR8 Gaming VERTO EPIC-X RGB OC",619.99," RTX 4070 SUPER",12,1980,2505,"Black",305
"MSI MECH 2X OC",189.99," RX 6500 XT",4,2310,2825,"Black / Silver",172
"Asus ROG STRIX WHITE OC",1519.99," RTX 3090",24,1395,1890,"White / Black",318
"Sparkle ELF",119.99,"Arc A380",6,2000,2000,"Blue / Black",153
"PowerColor Red Devil OC",699.97," RX 6800 XT",16,1825,2340,"Black",320
"Zotac Twin Edge OC",559.99," RTX 4070",12,1920,2490,"Black",226
"Gigabyte D6 OC Rev 2.0",191.23," GTX 1650 G6",4,1410,1635,"Black / Silver",172
"Zotac Trinity Black Edition",649.99," RTX 4070 SUPER",12,1980,2475,"Black",307
"Gigabyte EAGLE OC",868.82," RTX 4070",12,1920,2505,"Black",261
"Asus ProArt OC",364.99," RTX 4060",8,1830,2580,"Black / Gold",300
"Asus ROG STRIX",598.99," GTX 1080",8,1670,1835,"Black",298
"Asus DUAL EVO OC",608.16," RTX 4070",12,1920,2550,"Black",227
"PNY VERTO",259.99," RTX 3060 8GB",8,1320,1777,"Black",247
"Zotac GAMING Trinity OC",2279," RTX 4090",24,2235,2535,"White",356
"PNY VERTO",499.99," RTX 3070 Ti",8,1575,1770,"Black",305
"XFX Speedster SWFT 210",399.99," RX 6600 XT",8,2092,2589,"Black",241
"Zotac GAMING Trinity OC",1307.48," RTX 3080 Ti",12,1365,1695,"Black / Silver",318
"EVGA SC ULTRA GAMING",259.99," GTX 1660 SUPER",6,1530,1830,"Black",202
"Zotac GAMING Twin Fan",219.99," GTX 1660",6,1530,1785,"Black",216
"Gigabyte EAGLE OC",409.99," RTX 4060 Ti",8,2310,NA,"Black",272
"MSI MECH 2X OC",832.5," RX 6700 XT",12,2321,NA,"Black / Silver",247
"Asus DUAL EVO OC",345," RTX 2060",6,1365,1785,"Black",242
"Palit Dual",696.49," RTX 4070 SUPER",12,1980,2475,"Black",269
"NVIDIA Founders Edition",589," GTX 1070 Ti",8,1607,1683,"Silver / Black",267
"MSI Radeon RX 6900 XT GAMING X TRIO 16G",1011.33," RX 6900 XT",16,1825,2340,"Silver / Black",324
"Asus ROG STRIX GAMING",1494.73," RTX 4080 SUPER",16,2210,2580,"Black",358
"Gigabyte AORUS MASTER",583.12," RTX 3070",8,1500,1845,"Black",290
"Asus DUAL OC",591.8," RX 6750 XT",12,2150,2618,"Black / Silver",295
"MSI VENTUS 2X OC",739," RTX 4070 Ti",12,2310,2655,"White / Silver",242
"EVGA SC GAMING",339," RTX 2060",6,1365,1710,"Black",190
"MSI AERO",819.99," RTX 4070 Ti SUPER",16,2340,2610,"Black",263
"MSI GeForce RTX 3090 GAMING X TRIO 24G",1299.99," RTX 3090",24,1395,NA,"Black",335
"Palit Dual",354.56," RTX 3060 12GB",12,1320,NA,"Black",245
"MSI GAMING X TRIO",1851," RTX 3080 Ti",12,1365,1770,"Black / Silver",324
"Zotac GAMING AMP Extreme AIRO",1069.99," RTX 4080 SUPER",16,2210,2610,"Black",356
"Acer Predator BiFrost OC",299.99," RX 7600",8,1720,2725,"Black",267
"MSI GAMING X",557.92," RTX 4060 Ti",16,2310,2655,"Black",247
"Asus ROG STRIX GAMING OC",688.21," RTX 4060 Ti",16,2310,2745,"Black / Red",311
"PNY XLR8 Gaming VERTO EPIC-X RGB OC",779.99," RTX 4070 Ti",12,2310,2670,"Black",332
"MSI GAMING X TRIO",579.99," RX 6750 XT",12,2150,2623,"Silver / Black",327
"EVGA SC GAMING",443.24," GTX 1060 6GB",6,1607,1835,"Black / Gray",173
"Asus STRIX GAMING OC",575," RTX 2070",8,1410,1845,"Black",305
"MSI VENTUS 3X E OC",779.87," RTX 4070 Ti",12,2310,2655,"Silver / Black",308
"Asus ROG STRIX GAMING",849.99," RTX 4070 Ti",12,2310,2640,"Black",336
"XFX Speedster MERC 319 Black",769.99," RX 6900 XT",16,1950,2365,"Black / Silver",340
"Gigabyte Vision OC",997.5," RTX 3070 Ti",8,1575,1830,"White / Silver",320
"Sapphire NITRO+",599.99," RX 6700 XT",12,2321,2622,"Silver / Black",310
"Asus TUF Gaming EVO OC",359.99," GTX 1660 Ti",6,1500,1845,"Black / Gray",206
"Asus ROG STRIX GAMING OC",739," RTX 3070",8,1500,1905,"Black",318
"MSI Radeon RX 5500 XT MECH 8G OC",349.99," RX 5500 XT",8,1647,1845,"Black",215
"XFX Speedster MERC 308 Black",399.99," RX 6650 XT",8,2055,2694,"Silver / Black",274
"PowerColor Hellhound OC",349.99," RX 7600 XT",16,1720,2810,"Black",220
"MSI GeForce RTX 2060 VENTUS GP 12G OC",297.5," RTX 2060 12GB",12,1470,1695,"Gray / Black",231
"MSI GAMING Z TRIO",949.95," RTX 3080 10GB LHR",10,1440,1830,"Black",323
"MSI VENTUS XS OC",229.99," GTX 1650 G5",4,1485,1740,"Black / White",170
"Acer Predator BiFrost OC",229.99,"Arc A750",8,2200,2400,"Black",267
"Zotac GAMING Twin Fan",222.86," GTX 1660 SUPER",6,1530,1785,"Black",173
"Gigabyte Vision OC",539," RTX 3060 Ti",8,1665,1755,"Silver / White",281
"Asus ROG STRIX GAMING OC V2",669.99," RTX 3060 12GB",12,1320,1912,"Black / Silver",300
"MSI VENTUS 2X OCV1",499," RTX 3060 Ti LHR",8,1410,1695,"Black / Gray",235
"MSI VENTUS XS OC",379.99," GTX 1660 Ti",6,1500,1830,"",204
"MSI ARMOR OC",489.95," RX 580",8,1257,1366,"Black / White",269
"MSI MECH 2X OC",529," RX 6750 XT",12,2150,2618,"Silver / Black",249
"Asus ProArt OC",1556.98," RTX 4080",16,2205,2625,"Black / Gold",300
"Asus TUF GAMING",599," RTX 3070 Ti",8,1575,1800,"Black / Silver",300
"Asus Phoenix",229.99," RTX 3050 8GB",8,1550,1807,"Black",177
"MSI GeForce RTX 3070 VENTUS 3X OC",692.78," RTX 3070",8,1500,1755,"Black / Silver",305
"Asus Phoenix",249," GTX 1050 Ti",4,1290,1392,"Black / White",192
"Zotac GAMING AMP Extreme AIRO",749.99," RTX 4070 Ti",12,2310,2700,"Black",356
"Inno3D Twin X2",665.89," RTX 4070",12,1920,2475,"Black / Silver",250
"MSI SUPRIM LIQUID",1919," RTX 4090",24,2235,2610,"Black / Silver",280
"MSI VENTUS 2X OC",389.35," RTX 3050 8GB",8,1550,NA,"Black",235
"EVGA FTW3 ULTRA GAMING",956.99," RTX 3080 12GB LHR",12,1260,1800,"Black",300
"Asus TUF GAMING OC",1419.95," RTX 3090",24,1395,NA,"Black",300
"Asus TUF GAMING OC",1034.99," RTX 3080 Ti",12,1365,1695,"Black",300
"Zotac Twin Edge",708.52," RTX 4070",12,1920,2475,"Black",226
"Sparkle ORC OC",199.99,"Arc A750",8,2050,2200,"Blue / Black",222
"Gigabyte GAMING OC",587," RX 6600 XT",8,1968,2593,"Black / Silver",282
"Gigabyte GAMING OC",1414.99," RTX 3090",24,1395,1755,"Black / Gray",320
"Asus TUF GAMING",629.99," RTX 4070",12,2475,2505,"Black",301
"EVGA XC GAMING",718," RTX 3060 Ti",8,1410,1710,"Black",202
"EVGA FTW GAMING ACX 3.0",599.99," GTX 1080",8,1721,1860,"Black / Silver",267
"Asus TUF GAMING",449.99," RTX 4060 Ti",8,2310,2565,"Black",300
"MSI VENTUS 2X OC",799," RTX 3070",8,1500,1755,"Black / Silver",232
"Palit StormX",480.22," RTX 4060 Ti",8,2310,2535,"Black",170
"Gigabyte GAMING OC",999.99," RX 6800 XT",16,1825,2285,"Black / Silver",286
"NVIDIA 9001G4012510000",469," GTX 970",4,1050,1178,"Black / Silver",267
"Gigabyte GAMING OC",1448," RTX 4080",16,2205,2535,"Black",342
"Asus DUAL",609.99," RTX 4070 SUPER",12,1980,2505,"White",267
"Gigabyte GAMING OC",469.5," GTX 1660 SUPER",6,1530,1860,"Black / Silver",280
"Asus DUAL",349," GTX 1060 3GB",3,1594,1809,"White",242
"Zotac GAMING Trinity OC",2599," RTX 4090",24,2235,2535,"Black / Silver",356
"MSI VENTUS XS OC",649," RTX 2080 SUPER",8,1650,1830,"Silver / Black",257
"PNY XLR8 Gaming VERTO EPIC-X RGB",739.2," RTX 4070",12,1920,2475,"Black",305
"MSI EXPERT",829.99," RTX 4070 Ti SUPER",16,2340,2685,"Silver",312
"Gigabyte EAGLE OC",590.11," RTX 3070",8,1500,1770,"Black / Silver",282
"Zotac GAMING AMP Holo",659.9," RTX 3070 Ti",8,1575,1830,"Black / Silver",317
"MSI GAMING X",229.99," RTX 3050 8GB",8,1550,NA,"Black",278
"MSI VENTUS 3X E OC",732.54," RTX 4070",12,1920,2520,"Silver / Black",308
"Asus ROG STRIX OC",479.99," RTX 4060 Ti",8,2310,2715,"Black",311
"MSI Radeon RX 6800 XT Gaming X Trio 16G",899.99," RX 6800 XT",16,1850,2285,"Silver / Black",324
"Gigabyte EAGLE",419," RX 6700 XT",12,2321,NA,"Black",282
"Asus STRIX GAMING",679.99," RTX 4070",12,2475,2505,"Black",339
"MSI GAMING X TRIO",799.99," RTX 4070",12,1920,NA,"Black / Gray",338
"Palit StormX",364.89," RTX 4060",8,1830,2460,"Black",170
"EVGA XC3 BLACK GAMING",840," RTX 3080 10GB",10,1440,1710,"Black",285
"Asus TUF Gaming OG",2249.98," RTX 4090",24,2235,2550,"Black",326
"AMD â€Ž100-438373",999.99," RX 6900 XT",16,1825,2250,"Black / Silver",267
"MSI GAMING X",598," GTX 1080",8,1607,1847,"Black / Red",279
"Acer Predator BiFrost OC",559.99," RX 7800 XT",16,1295,2565,"Black",282
"PNY XLR8 Gaming VERTO EPIC-X RGB",329.99," RTX 4060",8,1830,2460,"Black",260
"Asus DUAL",614.48," RX 6700 XT",12,2321,NA,"Black",295
"Zotac GAMING",280.83," GTX 1660 Ti",6,1500,1770,"Black",173
"Gigabyte EAGLE",243.18," RX 6500 XT",4,2310,2815,"Black",192
"Gainward 426018336-3798",5021," GTX 1060 3GB",3,1506,1708,"Black",252
"EVGA XC GAMING",259.98," RTX 3050 8GB",8,1550,1845,"Black",202
"Asus Noctua OC",1999.99," RTX 4080",16,2205,2625,"Brown / Beige",310
"Sparkle GENIE",124.99,"Arc A380",6,2000,2000,"Blue",145
"Asus DUAL",399.99," RTX 4060 Ti",8,2310,2565,"White",227
"Asus TUF-RX6800XT-O16G-GAMING",1078," RX 6800 XT",16,1825,2340,"Black",320
"Asus ROG STRIX",599," GTX 1070 Ti",8,1607,1759,"Black",298
"PNY XLR8 Gaming VERTO EPIC-X RGB",1789.99," RTX 4090",24,2230,2520,"Black",332
"NVIDIA Founders Edition",746.96," RTX 2070",8,1410,1710,"Silver / Black",229
"EVGA FTW3 ULTRA GAMING",489.9," RTX 3060 Ti LHR",8,1410,1800,"Black",285
"MSI GeForce RTX 3080 GAMING X TRIO 10G",899.95," RTX 3080 10GB",10,1440,NA,"Black",323
"Asus DUAL OC V2",499," RTX 3070 LHR",8,1500,1800,"Black",267
"Asus TUF GAMING OC",1557.98," RTX 4080",16,2205,2625,"Black",348
"PNY VERTO",749.99," RTX 4070 Ti",12,2310,2610,"Black",305
"MSI GAMING X",999.99," RTX 2070 SUPER",8,1605,1800,"Black",297
"PNY XLR8 Gaming VERTO EPIC-X RGB OC",489.99," RTX 4060 Ti",16,2310,2580,"Black",305
"EVGA SC ULTRA GAMING",228," GTX 1650 SUPER",4,1530,1755,"Black",202
"Asus ROG STRIX GAMING",729.99," RTX 4070 SUPER",12,1980,2505,"Black",339
"Asus ROG STRIX WHITE OC",1629.99," RTX 3080 10GB",10,1440,1935,"White",318
"Gigabyte AORUS MASTER",968.03," RTX 3070 Ti",8,1575,1875,"Black",324
"Gigabyte GAMING OC",670," RX 6700 XT",12,2321,NA,"Black / Silver",281
"MSI D6 VENTUS XS OC",159.99," GTX 1650 G6",4,1410,1620,"Black / Silver",178
"XFX Speedster QICK 319 BLACK",549.99," RX 6700 XT",12,2457,2622,"Black",323
"MSI GAMING X SLIM",1758.5," RTX 4070 Ti",12,2310,2745,"White",307
"PowerColor Fighter OC",199.99," RX 6500 XT",4,2310,NA,"Black",191
"Zotac GAMING Trinity OC",699.99," RTX 3070 Ti",8,1575,1800,"Black",318
"Asus DUAL OC",282.14," GTX 1650 G5",4,1485,1755,"Silver / Black",204
"Asus ROG STRIX GAMING OC",999," RTX 3080 12GB LHR",12,1260,1890,"Black / Silver",318
"EVGA FTW3 ULTRA GAMING",1279," RTX 2080 Ti",11,1350,1755,"Clear / Black",302
"ASRock Phantom Gaming D OC",699.95," RX 6900 XT",16,1925,2340,"Black / Silver",330
"Gigabyte GAMING OC PRO",559.99," RTX 3060 Ti",8,1410,1770,"Black / Silver",286
"EVGA XC ULTRA GAMING",393.02," RTX 2080",8,1515,1815,"Black / Clear",270
"PNY VERTO",299.99," RTX 3060 12GB",12,1320,1777,"Black",247
"Asus DUAL EVO OC",266.77," GTX 1660 SUPER",6,1530,1860,"Black",242
"EVGA FTW3 ULTRA GAMING LHR",839.95," RTX 3080 10GB LHR",10,1440,1800,"Black",300
"Asus DUAL EVO OC",399.99," RTX 4060 Ti",8,2310,2595,"Black",227
"PowerColor Fighter",399.99," RX 6600 XT",8,1968,2589,"Black",200
"EVGA XC3 BLACK GAMING",733.7," RTX 3080 10GB LHR",10,1440,1710,"Black",285
"EVGA XC ULTRA GAMING",562.08," GTX 1660 Ti",6,1500,1860,"Black",268
"Asus LP BRK OC",339.99," RTX 4060",8,1830,2520,"Black",188
"Inno3D Compact",349.14," RTX 4060",8,1830,2460,"Black",155
"EVGA FTW3 ULTRA GAMING iCX3",455.43," RTX 3060 Ti",8,1410,1800,"Black",285
"MSI ARMOR OC",249.99," RX 580",4,1257,1366,"Black / White",269
"EVGA XC3 BLACK GAMING",697.98," RTX 3070 LHR",8,1500,1725,"Black",285
"Sapphire PULSE",697.43," RX 6600 XT",8,1968,2593,"Black / Red",240
"MSI MECH 2X CLASSIC OC",269.99," RX 7600",8,1720,2695,"Black / Silver",235
"MSI RTX 3090 SUPRIM X 24G",1549.99," RTX 3090",24,1395,1875,"Silver",336
"Sparkle TITAN OC",259.99,"Arc A750",8,2050,2300,"Blue / Black",306
"MSI SUPRIM X",1269," RTX 4070 Ti",12,2310,2790,"Black / Silver",338
"EVGA SC GAMING ACX 3.0 Black Edition",570," GTX 1070 Ti",8,1607,1683,"Black",267
"MSI GAMING Z",447.8," RTX 2060",6,1365,1830,"Black / Gray",247
"Asus DUAL OC",363.9," RTX 3060 12GB",12,1320,NA,"Black",200
"Asus Phoenix OC V2",150," GTX 1650 G6",4,1410,1635,"Black",174
"MSI GeForce RTX 3090 VENTUS 3X 24G OC",1484.99," RTX 3090",24,1395,NA,"Black",305
"Palit GameRock OC",2420.28," RTX 4090",24,2235,2610,"Silver / Black",329
"Palit StormX",218.31," RTX 3050 6GB",6,1040,1470,"Black",162
"MSI MSI RTX 2070 Ventus 8G Video Card",629," RTX 2070",8,1410,1620,"Silver / Black",226
"ASRock Challenger ITX",239.99," RX 6600 XT",8,1968,NA,"Black",179
"MSI VENTUS 2X OC",499.99," RTX 3070 LHR",8,1500,1755,"Black",232
"MSI VENTUS 3X OC",1707.55," RTX 3080 Ti",12,1365,1695,"Black / Silver",305
"Asus DUAL OC",449.99," RX 6600 XT",8,1968,2607,"Black / White",243
"EVGA XC3 ULTRA GAMING",1379.99," RTX 3090",24,1395,1725,"Black / Red",285
"EVGA XC3 ULTRA GAMING iCX3",989.99," RTX 3080 Ti",12,1365,1725,"Black",300
"ASRock OC Formula",1006.3," RX 6900 XT",16,2125,2475,"Silver / Black",332
"ASRock Phantom Gaming D OC",339.99," RX 6750 XT",12,2150,2623,"Silver / Black",305
"Asus DUAL OC",185," RX 6500 XT",4,2310,2820,"Black",201
"PNY XLR8 Gaming REVEL EPIC-X RGB",329.99," RTX 3060 12GB",12,1320,NA,"Black",170
"Acer Nitro OC",419.99," RX 7700 XT",12,1700,2590,"Black",279
"Zotac GAMING AMP Holo",488.58," RTX 3070",8,1500,1785,"Silver / Black",291
"Asus ROG STRIX LC GAMING",3458.48," RTX 4090",24,2235,2550,"Black / Silver",293
"MSI SUPRIM X",1449.99," RTX 4080",16,2205,2640,"Black",336
"Gigabyte AORUS ELITE",629.9," RTX 3060 Ti",8,1410,1785,"Black",296
"EVGA XC ULTRA BLACK GAMING",274.98," GTX 1660 Ti",6,1500,1770,"Black",268
"Gigabyte WINDFORCE OC",279," GTX 1650 G6",4,1410,1650,"Black / Silver",191
"EVGA ACX 2.0",359," GTX 970",4,1050,1178,"Black / Blue",241
"MSI GeForce GTX 1650 SUPER",427," GTX 1650 SUPER",4,1530,1740,"Black / Silver",180
"Sparkle ROC Luna OC",319.99,"Arc A770",16,2100,2300,"White",281
"PowerColor Red Devil OC",706.16," RX 6900 XT",16,2015,2340,"Black",332
"Palit GameRock",2379.02," RTX 4090",24,2235,2520,"Silver / Black",329
"XFX GTS",264.45," RX 580",8,1405,1425,"Black / Red",270
"MSI GAMING",729," GTX 1070 Ti",8,1607,1683,"Black / Red",279
"Inno3D Twin X2",233.29," RTX 3050 6GB",6,1040,1470,"Gray / Black",222
"EVGA SC GAMING ACX 3.0",529.99," GTX 1070",8,1594,1784,"Black / Silver",267
"Asus TUF GAMING OC",574," RX 6700 XT",12,2321,NA,"Black",322
"MSI GAMING X",495.78," RX 6600 XT",8,1968,2607,"Black / Silver",277
"PowerColor Hellhound",549.99," RX 6700 XT",12,2321,2581,"Black",305
"Inno3D Twin X2",469.51," RTX 4060 Ti",8,2310,2535,"Black / Gray",250
"Asus TUF GAMING OC",209.99," RX 6500 XT",4,2310,2825,"Black",250
"PowerColor Red Devil",343.99," RX 580",8,1257,1380,"Black / Red",255
"EVGA SC GAMING ACX 2.0",399.99," GTX 1050 Ti",4,1354,1468,"Black",145
"Gigabyte OC Rev 2.0",271.35," RTX 2060",6,1365,1755,"Black / Gray",226
"MSI MECH 2X",738," RX 6700 XT",12,2321,NA,"Black / Silver",247
"MSI GAMING X TRIO",612.2," RTX 4060 Ti",8,2310,NA,"Black",338
"MSI GAMING X",392.48," RTX 3060 Ti LHR",8,1410,1770,"Black / Gray",278
"Asus ROG STRIX",354.44," RX 580",8,1257,1380,"Black",298
"Asus DUAL EVO OC",2325.5," RTX 2070 SUPER",8,1635,1845,"Black",267
"Asus ROG STRIX GAMING OC V2",949.9," RTX 3080 10GB LHR",10,1440,1935,"Black",318
"PowerColor ITX",212.8," RX 6500 XT",4,2310,NA,"Black",165
"Zotac GAMING Trinity",1349.9," RTX 4080",16,2205,2505,"Black",356
"EVGA XC GAMING",421.88," RTX 3060 Ti LHR",8,1410,1710,"Black",202
"MSI GAMING X TRIO",1489.99," RTX 4080",16,2205,2610,"White",337
"Asus STRIX GAMING OC",549," RTX 2060",6,1365,1860,"Black",300
"MSI GAMING X TRIO",669," RTX 3060 12GB",12,1320,1852,"Black",323
"EVGA SC Black Edition",549," GTX 1080 Ti",11,1556,1670,"Black",267
"PNY VCGGTX10502PB",239," GTX 1050",2,1354,1455,"Black",178
"Gigabyte GAMING OC 3X",845," RTX 2070 SUPER",8,1605,1815,"Black",286
"Asus ROG STRIX GAMING OC V2",714.99," RTX 3060 Ti LHR",8,1410,1890,"Black / Silver",318
"Asus DUAL OC",359.99," RTX 3060 8GB",8,1320,1867,"Black",200
"PNY XLR8 Gaming REVEL EPIC-X RGB",499," RTX 3070 LHR",8,1500,1725,"Silver / Black",294
"Asus DUAL OC V2",599.99," RTX 3060 Ti LHR",8,1410,1740,"Black / Silver",269
"Sparkle ROC Luna OC",239.99,"Arc A750",8,2050,2200,"White",281
"PowerColor Red Devil",849.99," RX 7900 XT",20,2000,2535,"Black",338
"MSI Radeon RX 6600 XT MECH 2X 8G OCV1",399," RX 6600 XT",8,1968,2602,"Black / Silver",215
"MSI GAMING X TRIO 8GD6X",571," RTX 3060 Ti",8,1410,1845,"Black",323
"EVGA Gaming iCX",999.99," GTX 1080 Ti",11,1569,1683,"Silver",300
"Asus TUF GAMING OC",999," RTX 3080 12GB LHR",12,1260,1815,"Black / Silver",300
"Sapphire NITRO+ SE",1298.47," RX 6900 XT",16,1825,2365,"Black / White",310
"Gigabyte WINDFORCE OC",299.99," GTX 1650 SUPER",4,1530,1755,"Black / Silver",225
"Zotac GAMING Trinity OC",1289.9," RTX 4080",16,2205,2520,"Black",356
"Asus TUF GAMING OC",315.02," GTX 1650 G6",4,1410,1680,"Black",204
"MSI AERO ITX OC",209.99," RTX 3050 8GB",8,1550,NA,"Black / Silver",172
"Asus DUAL",579.68," RTX 4070",12,2475,2505,"White",267
"Gigabyte GAMING OC",261.25," RX 6500 XT",4,2310,2825,"Black / Gray",282
"XFX Speedster QICK 308 Black",649.99," RX 6600 XT",8,2188,2607,"Black",274
"PNY VERTO",1127.99," RTX 4080",16,2205,2505,"Black",332
"Asus DUAL OC",279.99," RX 7600",8,1720,2745,"Black",245
"Asus TUF GAMING",320.56," GTX 1650 SUPER",4,1530,1755,"Black",206
"PowerColor Hellhound Sakura OC Limited",629.99," RX 7800 XT",16,1295,2520,"White / Pink",322
"Gigabyte AORUS ELITE",543.68," RX 6750 XT",12,2150,2623,"Black / Gray",296
"Inno3D Twin X2 OC",565.98," RTX 4060 Ti",16,2310,2595,"White / Silver",250
"Palit Dual OC",348.92," RTX 3060 12GB",12,1320,NA,"Black",245
"Zotac GAMING OC",286," GTX 1650 G6",4,1410,1620,"Black / Gray",151
"Asus ROG STRIX GAMING",1559.99," RTX 4080",16,2205,2535,"Black",358
"Gigabyte AORUS MASTER",1283.33," RTX 3080 10GB",10,1440,NA,"Black",319
"EVGA SSC ACX 2.0+",399," GTX 960",4,1279,1342,"Black / Silver",257
"EVGA Founders Edition",499," GTX 1080 Ti",11,1480,1582,"Black / Silver",267
"MSI GTX 1070 TI TITANIUM 8G",499," GTX 1070 Ti",8,1607,1683,"Black / Silver",279
"Asus ROG STRIX",327.55," RX 570",4,1168,1310,"Black",240
"Gigabyte AORUS ELITE",653.78," RTX 4060",8,1830,NA,"Black / Silver",299
"EVGA XC GAMING",599," RTX 2070 SUPER",8,1605,1800,"Transparent",270
"Zotac GAMING Twin Fan",339.99," GTX 1650 SUPER",4,1530,1725,"Black",158
"MSI GAMING",319.99," RTX 4060",8,1830,2475,"Black",247
"Zotac GAMING Trinity",800.08," RTX 4070 Ti",12,2310,2610,"Black",307
"Zotac GAMING Twin Edge OC",399.99," RTX 3050 8GB",8,1550,1807,"Black / Silver",224
"Gigabyte AORUS MASTER",1126.95," RTX 3080 Ti",12,1365,1770,"Black",320
"EVGA XC ULTRA GAMING",1079," RTX 2080 Ti",11,1350,1650,"Black / Clear",270
"EVGA FTW3 GAMING",1539.95," RTX 3090 Ti",24,1560,1890,"Black",300
"Asus DUAL",424.99," RX 6650 XT",8,2055,2689,"Black / Silver",243
"Asus Turbo",599," GTX 1080 Ti",11,1480,1582,"Black / White",267
"Asus ROG STRIX GAMING OC",699," RX 6700 XT",12,2321,NA,"Black / Silver",322
"PowerColor Red Devil",475.48," RX 6600 XT",8,1968,2607,"Black",251
"PowerColor Hellhound",259.99," RX 7600",8,1720,2655,"Black",234
"MAXSUN iCraft Limited Edition OC",949.99," RTX 4070 Ti",12,2310,2385,"White",336
"MSI AERO",393.04," RTX 2080",8,1350,1710,"Black / Green",268
"Asus Turbo",379.99," GTX 1060 6GB",6,1506,1708,"Black",267
"Asus STRIX GAMING OC",449," RX 5600 XT",6,1247,1770,"Black",304
"Zotac GAMING AMP Spider-Man: Across the Spider-Verse",748," RTX 4060 Ti",16,2310,2595,"Black",226
"Asus ROG STRIX GAMING OC",449.99," RX 6600 XT",8,1968,2607,"Black / Gray",243
"MSI ARMOR OCV1",394," GTX 1060 6GB",6,1544,1759,"Black / White",275
"PowerColor Red Devil OC",599.99," RX 7900 GRE",16,1270,2391,"Black / Red",345
"EVGA XC BLACK GAMING",442.78," RTX 3060 12GB",12,1320,1777,"Black",202
"MSI ARMOR OC",598," GTX 1080",8,1657,1797,"Black / White",279
"MSI GAMING Z TRIO",1998," RTX 3080 12GB LHR",12,1260,1815,"Black / Gray",323
"MSI VENTUS 3X PLUS OC",1199," RTX 3080 12GB LHR",12,1260,1740,"Black / Gray",305
"Gigabyte EAGLE OC",999.99," RTX 3080 10GB",10,1440,1755,"Black",320
"Gigabyte WINDFORCE OC",449.99," GTX 1650 G5",4,1485,1710,"Black / Silver",191
"Sparkle ROC OC",299.99,"Arc A770",16,2100,2300,"Black",281
"Palit JetStream OC",571.42," RTX 4060 Ti",16,2310,2595,"Black",250
"Gigabyte AORUS ELITE",1114.99," RTX 4070 Ti",12,2310,2655,"Black",342
"EVGA KO GAMING",297.5," RTX 2060",6,1365,1680,"Gray / Black",202
"Gigabyte GV-N105TD5-4GD",269.99," GTX 1050 Ti",4,1290,1430,"Black / Orange",172
"PNY Blower",699," RTX 2080 Ti",11,1350,1545,"Black",267
"PNY VCG16504D6DFPPB",189.99," GTX 1650 G6",4,1485,1590,"Black",170
"Asus TURBO-GTX1070-8G",379," GTX 1070",8,1506,1683,"Black / Silver",267
"Gigabyte EAGLE",1149," RTX 4080",16,2205,2505,"Black",342
"EVGA Black",1499.99," RTX 2080 Ti",11,1350,1545,"Black / Clear",270
"XFX Speedster MERC 319 Black",1014," RX 6700 XT",12,2321,2622,"Black",323
"ASRock Phantom Gaming OC",259.99," RX 7600",8,1720,2755,"Black",305
"Zotac GAMING AMP Holo",1449.99," RTX 3080 Ti",12,1365,1710,"Black / Silver",318
"PowerColor Red Dragon OC",556.04," RX 6800",16,1700,2170,"Black",310
"MSI AERO",499," GTX 1070 Ti",8,1607,1683,"Black / White",269
"Gigabyte AORUS XTREME WATERFORCE",1799," RTX 3090 Ti",24,1560,1935,"Black",238
"Palit JetStream",557.12," RTX 4060 Ti",16,2310,2535,"Black",250
"EVGA SC ULTRA GAMING",499.99," GTX 1660 Ti",6,1500,1845,"Black / Silver",202
"Gigabyte EAGLE",587.49," RX 6600 XT",8,1968,2589,"Black / Silver",282
"PowerColor Hellhound",249," RX 6600",8,1626,2491,"Black / White",220
"Asus TUF GAMING OC",1399.99," RX 6900 XT",16,1825,2340,"Black",320
"MSI GeForce RTX 3070 Ventus 3X 8G OC LHR",499.99," RTX 3070 LHR",8,1500,1755,"Black",305
"Gigabyte GAMING",469.99," RX 570",4,1168,1255,"Black / Orange",232
"Asus TUF GAMING OC",1799.95," RTX 3090 Ti",24,1560,1950,"Black",326
"Asus ROG STRIX GAMING",1669," RTX 4080",16,2205,2535,"White",358
"Gigabyte WINDFORCE OC",287.14," RTX 3050 8GB",8,1550,1792,"Black / Silver",244
"Palit Dual",664.78," RTX 4070",12,1920,2475,"Black",269
"Asus DUAL EVO",489," RTX 2060 12GB",12,1470,1680,"Black",242
"Asus DUAL OC",889," RTX 2080 Ti",11,1350,NA,"Black",268
"Gigabyte GAMING OC Rev 2.0",909.08," RTX 3080 10GB LHR",10,1440,1800,"Black / Gray",320
"Asus Turbo",579," GTX 1080",8,1607,1733,"Black / Silver",267
"Asus Phoenix",349.9," RTX 3060 12GB",12,1320,1807,"Black",177
"EVGA FTW3 ULTRA GAMING",1029," RTX 2070 SUPER",8,1605,1815,"Transparent",302
"Zotac GAMING Trinity",639.99," RTX 3070 Ti",8,1575,1770,"Black / Silver",318
"PNY XLR8 Gaming EPIC-X RGB",1549," RTX 3090",24,1395,1695,"Black",294
"Gigabyte AORUS MASTER Rev 2.0",679," RTX 3070 LHR",8,1500,1845,"Black",290
"EVGA XC3 ULTRA GAMING iCX3",471.63," RTX 3070 LHR",8,1500,1770,"Black",285
"EVGA XC GAMING",599," RTX 2070",8,1410,1710,"Clear / Black",269
"Asus TUF GAMING",1299.95," RTX 3080 Ti",12,1365,1695,"Black",300
"Inno3D Twin X2 OC",381.87," RTX 4060",8,1830,2490,"White / Silver",250
"Asus KO Gaming OC",659," RTX 3070",8,1500,1845,"Black / Silver",275
"Zotac GAMING AMP Holo",1849," RTX 3080 10GB",10,1440,1770,"Black",318
"EVGA FTW3 ULTRA GAMING iCX3",664.98," RTX 3070 LHR",8,1500,1815,"Black",300
"EVGA XC3 BLACK GAMING",719.99," RTX 3070",8,1500,1725,"Black / Silver",285
"Asus ROG STRIX WHITE OC V2",1699," RTX 3080 10GB LHR",10,1440,1935,"White",318
"MSI VENTUS",749," RTX 2080",8,1515,1710,"Silver / Black",268
"PowerColor Hellhound Spectral",1323," RX 6700 XT",12,2321,2581,"White",305
"EVGA XC GAMING",417.3," RTX 2060",12,1365,1680,"Black",268
"EVGA SC ULTRA GAMING",249.99," GTX 1650 G5",4,1485,1860,"Black",202
"XFX RX-560D2SFG5",109.99," RX 560 - 896",2,1196,NA,"Black / Red",211
"Asus STRIX-GTX960-DC2OC-2GD5",199.99," GTX 960",2,1228,1291,"Black",215
"MSI GeForce RTX 3070 VENTUS 3X",692.78," RTX 3070",8,1500,1725,"Black / Silver",305
"MSI GAMING X",1015.99," RX 6700 XT",12,2321,NA,"Black / Silver",279
"Asus STRIX GAMING OC",445," RTX 2080",8,1515,1890,"",298
"Gigabyte EAGLE OC",418.11," RTX 3050 8GB",8,1550,1792,"Black",213
"MSI DUKE OC",679," GTX 1080 Ti",11,1531,1645,"Black",320
"EVGA SSC ACX 2.0+",359," GTX 970",4,1190,1342,"Black / Blue",257
"Asus ProArt",808.31," RTX 4070 Ti",12,2310,2640,"Black",300
"Inno3D Twin X2 OC",579.29," RTX 4060 Ti",16,2310,2595,"Black / Silver",250
"Zotac GAMING Trinity OC",1329," RTX 4080",16,2205,2520,"White",356
"MSI VENTUS OC",339.6," RTX 2060",6,1365,1710,"Silver / Black",226
"Zotac GAMING Twin Edge OC Spider-Man: Across the Spider-Verse",699.99," RTX 4070",12,1920,2490,"Black / Gray",226
"Asus TUF GAMING OC V2",610," RTX 3060 Ti LHR",8,1410,1785,"Black",301
"Sapphire NITRO+",1299.99," RX 6900 XT",16,1825,2285,"Black / Silver",310
"Gigabyte GAMING OC Rev 2.0",549," RTX 3060 Ti LHR",8,1410,1740,"Black",282
"Gigabyte AORUS ELITE",584.7," RTX 4060 Ti",8,2310,NA,"Black",301
"MSI GAMING X",389," GTX 1650 G5",4,1485,1860,"Black",245
"Asus Phoenix OC",282.61," GTX 1650 G5",4,1485,1710,"Black",190
"PowerColor Red Devil Ultimate",1499.99," RX 6900 XT",16,1825,2425,"Black",320
"XFX GTS",219.99," RX 580",8,1257,1405,"Black / Red",270
"MSI VENTUS XS OC",549.99," RTX 2060",6,1365,1710,"Silver / Black",205
"Palit JetStream",871.45," RTX 4070 Ti",12,2310,2610,"Black",329
"Asus TUF GAMING OC V2",599," RTX 3070 LHR",8,1500,1845,"Black",300
"Zotac GAMING Trinity OC",1372," RTX 3080 12GB LHR",12,1260,1725,"Black",318
"MSI GAMING",555," GTX 1060 6GB",6,1506,1746,"Black / Red",277
"Gigabyte GAMING OC",1720.23," RX 6900 XT",16,1825,2285,"Black / Silver",286
"PNY XLR8 Gaming REVEL EPIC-X RGB",321.8," RTX 3050 8GB",8,1552,1777,"Black / Red",247
"MSI VENTUS 3X",1299," RTX 4080",16,2205,2520,"Black",322
"Asus Turbo",1289," RTX 2080 Ti",11,1350,NA,"Black",269
"Gigabyte WINDFORCE",1149.99," RTX 4080",16,2205,2505,"Black / Silver",330
"PNY XLR8 Gaming VERTO OC",449.99," RTX 4060 Ti",16,2310,2550,"Black",245
"MSI VENTUS 3X PLUS OC",899," RTX 3080 10GB LHR",10,1440,1740,"Black",305
"Gigabyte GV-N105TOC-4GD",408.99," GTX 1050 Ti",4,1341,1455,"Black / Orange",191
"Zotac GAMING Twin Edge OC Spider-Man: Across the Spider-Verse",509.06," RTX 4060 Ti",8,2310,2550,"Black",226
"Gigabyte GAMING OC",1725," RTX 3090 Ti",24,1560,1905,"Black",331
"Gigabyte AORUS MASTER",1658.48," RTX 4080",16,2205,2550,"Black",357
"Sapphire NITRO+",776.95," RX 6800",16,1700,NA,"Black / Silver",310
"Asus DUAL OC",840," RTX 3060 Ti",8,1410,1740,"Black / Silver",269
"XFX Speedster SWFT 319",769.99," RX 6900 XT",16,1825,2250,"Black",340
"Zotac AMP",4299.46," GTX 1080 Ti",11,1569,1683,"Black",300
"Palit Dual",478.55," RTX 4060 Ti",8,2310,2535,"Black",250
"Gigabyte AORUS ELITE Rev 2.0",492," RTX 3060 Ti LHR",8,1410,1785,"Black",296
"EVGA FTW3 ULTRA GAMING",1289," RTX 2080 SUPER",8,1650,1845,"Transparent / Black",302
"MSI GAMING X TRIO",539," RTX 3060 Ti",8,1410,1830,"Black / Silver",323
"PNY XLR8 Gaming REVEL EPIC-X RGB Dual Fan",449.73," RTX 3060 12GB",12,1320,NA,"Black",247
"MSI Radeon RX 6800 GAMING X TRIO 16G",1115.48," RX 6800",16,1700,2155,"Black / Silver",324
"MSI DUKE",499," GTX 1070 Ti",8,1607,1683,"Black",312
"Gigabyte GAMING OC",1239.9," RTX 3080 12GB LHR",12,1260,1755,"Black / Silver",320
"Asus Turbo EVO",595," RTX 2060 SUPER",8,1500,1680,"Black",268
"ASRock Taichi X OC",789," RX 6800 XT",16,1825,NA,"Black",330
"Asus KO GAMING OC V2",659," RTX 3060 Ti LHR",8,1410,1785,"Silver / Black",275
"Asus KO OC",399," RTX 3060 Ti",8,1410,1785,"Black / Silver",275
"Asus TUF GAMING OC",377.9," RTX 3050 8GB",8,1550,1875,"Black",272
"MSI D6 GAMING X",234.29," GTX 1650 G6",4,1410,1710,"Black",245
"Zotac GAMING Trinity OC",1349.99," RTX 3080 10GB LHR",10,1440,1725,"Gray",318
"Gainward NE6306T019P2-190AB",495," RTX 3060 Ti LHR",8,1410,1665,"Black",247
"MSI GAMING SLIM MLG",649.99," RTX 4070 SUPER",12,1980,2490,"Black / Red",307
"Gigabyte AORUS MASTER",1790," RTX 3090",24,1395,1785,"Black",319
"MSI ARMOR OC",489," RX 570",8,1168,1268,"Black / White",246
"Gigabyte GAMING OC PRO",476," RX 6600 XT",8,1968,2607,"Black / Silver",282
"Gigabyte AORUS MASTER",1899," RX 6800 XT",16,1825,2310,"Black",324
"Sapphire TOXIC Limited Edition",1138.63," RX 6900 XT",16,1825,2600,"Black",270
"EVGA FTW2 GAMING iCX",699," GTX 1070 Ti",8,1607,1683,"Black / Silver",267
"Zotac AMP Extreme",549," GTX 1070 Ti",8,1607,1683,"Black / Yellow",325
"Gigabyte AORUS XTREME WATERFORCE",1879," RTX 3080 10GB",10,1440,1845,"Black / Silver",252
"Inno3D Twin X2 OC",368.55," RTX 4060",8,1830,2490,"Black / Silver",250
"Zotac GAMING Twin Edge OC",569.99," RTX 3070 LHR",8,1500,1755,"Black",232
"XFX Black Edition",249.95," RX 580",8,1405,1425,"Black / White",279
"EVGA SC2 Gaming iCX",426," GTX 1070",8,1594,1784,"White / Black",267
"Gigabyte GAMING OC PRO Rev 3.0",598.76," RTX 3060 Ti LHR",8,1410,1770,"Black",281
"Zotac GAMING AMP Extreme AIRO",1449.9," RTX 4080",16,2205,2565,"Black",356
"Gigabyte AORUS MASTER",1445.06," RTX 4070 Ti",12,2310,2670,"Black",342
"Inno3D X3 OC",1088.11," RTX 4070",12,1920,2505,"Black / Silver",297
"Gigabyte OC",249.99," GTX 1050",2,1379,1518,"Black / Orange",191
"Asus TUF GAMING OC",799.99," RTX 3060 Ti",8,1410,1785,"Black",301
"EVGA FTW3 ULTRA HYBRID GAMING iCX3",1470," RTX 3080 Ti",12,1365,1800,"Black",300
"EVGA SSC GAMING",349.99," GTX 1060 3GB",3,1607,1835,"Black / Silver",267
"MSI Radeon RX 6900 XT GAMING Z TRIO 16G",1130.22," RX 6900 XT",16,1825,2425,"Silver / Black",324
"XFX Speedster MERC 308 Black",425.99," RX 6600 XT",8,2188,2607,"Black",274
"Gigabyte EAGLE OC Rev 2.0",563.29," RTX 3070 LHR",8,1500,1770,"Black",282
"Asus ROG STRIX GAMING OC V2",629," RTX 3070 LHR",8,1500,1935,"Black / Silver",318
"Asus ROG-STRIX-LC-RX6900XT-T16G-GAMING",1929.82," RX 6900 XT",16,1825,2525,"Black / Silver",277
"EVGA ACX 3.0",598," GTX 1080",8,1607,1733,"Black / Silver",267
"Gigabyte AORUS MASTER",1449.99," RTX 3080 12GB LHR",12,1260,1830,"Black",319
"MSI GAMING X TRIO",699," GTX 1080 Ti",11,1569,1683,"",325
"EVGA XC3 ULTRA GAMING",1120," RTX 3080 12GB LHR",12,1260,1755,"Black",285
"EVGA FTW ULTRA SILENT GAMING",699," GTX 1070 Ti",8,1607,1683,"Black / Silver",267
"MSI GAMING",559.99," RTX 2060",6,1365,1680,"Silver / Black",247
"Sapphire Toxic Extreme Edition",1777.72," RX 6900 XT",16,1825,2525,"Black",270
"XFX Speedster MERC 319 Ultra",1799.99," RX 6900 XT",16,1925,2340,"Black",340
"Palit Dual OC",490.42," RTX 4060 Ti",8,2310,2685,"Black",250
"EVGA GAMING",699," GTX 1070 Ti",8,1607,1683,"Silver / Black",267
"Asus DUAL",334.99," RTX 3060 8GB",8,1320,1807,"Black",200
"Asus LP BRK OC",199.99," RTX 3050 6GB",6,1040,1537,"Black",182
"EVGA FTW3 BLACK GAMING",1599.95," RTX 3090 Ti",24,1560,1860,"Black",300
"Asus KO GAMING OC V2",530.79," RTX 3070 LHR",8,1500,1845,"Black / Silver",275
"Asus ROG STRIX GAMING OC",449.99," RX 6650 XT",8,2055,2694,"Black / Gray",281
"Asus DUAL MINI OC",238," GTX 1650 G6",4,1410,1650,"Black",200
"PowerColor AXRX 560 4GBD5-DHA",345," RX 560 - 896",4,115,1176,"Black",225
"PNY XLR8 Gaming VERTO EPIC-X RGB OC",329.99," RTX 4060",8,1830,2505,"Black",260
"Asus ROG STRIX LC GAMING OC",1579.95," RTX 3080 Ti",12,1365,1860,"Black / Silver",293
"Asus ROG STRIX OC",427.74," RX 7600",8,1720,2755,"Black / Silver",281
"Asus STRIX GAMING Advanced",455," GTX 1660 Ti",6,1500,1830,"Black",301
"XFX GTS",272.97," RX 580",8,1405,1425,"Black / Red",270
"Gigabyte EAGLE",595.07," RTX 3050 8GB",8,1550,1777,"Black",213
"Sapphire NITRO+",520," RX 6650 XT",8,2055,2694,"Silver / Black",260
"Asus STRIX GAMING",999," RTX 2080 Ti",11,1350,1560,"Black",305
"EVGA XC HYBRID GAMING",1987.98," RTX 2080 Ti",11,1350,1635,"Black / Clear",269
"Gigabyte AORUS XTREME",1649," RTX 3080 Ti",12,1365,1770,"Black",320
"MSI ARMOR OC",399," GTX 1060 6GB",6,1506,1708,"Black / White",279
"EVGA GAMING",585," GTX 1070",8,1506,1683,"Black / Gray",267
"MSI VENTUS 3X 8GD6X OC",599," RTX 3060 Ti",8,1410,1695,"Black",305
"Asus Turbo",719.57," RTX 4070",12,1920,2475,"Black",269
"MSI DUKE OC",499," GTX 1080",8,1708,1847,"Black / Beige",312
"Palit Dual OC",670.43," RTX 4070",12,1920,2550,"Black",269
"MSI VENTUS 3X OC LHR",999," RTX 3080 10GB LHR",10,1440,1740,"Black",305
"Asus KO OC V2",609.18," RTX 3060 12GB",12,1320,1882,"Black / Silver",275
"XFX Speedster QICK 319 BLACK",484.9," RX 6800",16,1850,2190,"Black",340
"XFX RX-68XTACBD9",880.99," RX 6800 XT",16,1925,2360,"Black",340
"Asus TUF GAMING OC P",239.99," GTX 1650 G6",4,1410,1785,"Black",206
"XFX RX-79GMERCBR",569.99," RX 7900 GRE",16,1270,2395,"Black",335
"EVGA Black",799.9," RTX 2080",8,1515,1710,"Clear / Black",269
"PNY VCGGTX10808PB",665.54," GTX 1080",8,1607,1733,"Black / Red",267
"Palit StormX",1289," RTX 2060",6,1365,1680,"Black",168
"Sparkle ROC OC",209.99,"Arc A750",8,2050,2200,"Black",281
"PowerColor AXRX 580 8GBD5-3DHDV2/OC",407.95," RX 580",8,1257,1350,"Black",255
"EVGA XC HYBRID GAMING",899.95," RTX 2080 SUPER",8,1650,1830,"Transparent / Black",266
"EVGA FTW DT GAMING",679," GTX 1080",8,1607,1733,"Black / Gray",267
"EVGA SC ULTRA GAMING",227.7," GTX 1650 G6",4,1410,1710,"Black",202
"Gigabyte AORUS XTREME WATERFORCE",1998," RTX 3080 12GB LHR",12,1260,1830,"Black",252
"Asus STRIX GAMING Advanced",979," RTX 2080 Ti",11,1350,NA,"Black",305
"XFX Black Edition",537," RX 570",8,1168,1328,"Black / Red",243
"MSI DUKE",675," RTX 2070",8,1410,1755,"Silver / Black",314
"XFX RX-580P427D6",489," RX 580",4,1366,1386,"Black / Red",270
"EVGA Founders Edition",598," GTX 1080",8,1607,1733,"Black / Silver",267
"Asus Founders Edition",3364.51," GTX 1080 Ti",11,1480,1582,"Black / Silver",267
"MSI GeForce RTX 3070 Suprim X 8G LHR",799," RTX 3070 LHR",8,1500,1920,"Black / Silver",335
"EVGA GAMING",679," GTX 1080 Ti",11,1480,1582,"Black / Silver",267
"XFX Speedster QICK 319 Core",1019," RX 6700 XT",12,2321,2581,"Black",323
"PowerColor Red Devil",492.58," RX 570",4,1168,1320,"Black / Red",310
"EVGA XC BLACK GAMING",319," GTX 1660 Ti",6,1500,1770,"",190
"Matrox LUMA",659,"Arc A380",6,2000,NA,"Black",254
"EVGA GAMING",399," GTX 1060 6GB",6,1506,1708,"Black / Silver",267
"XFX Speedster MERC 319 Limited",769.99," RX 6900 XT",16,1825,2495,"Black",340
"EVGA XC3 ULTRA HYBRID GAMING",1245.25," RTX 3080 12GB LHR",12,1260,1755,"Black",263
"Palit GamingPro OC",717.88," RTX 4070",12,1920,2595,"Black / Silver",329
"EVGA FTW2 GAMING iCX",579," GTX 1070",8,1607,1797,"Black / Gray",267
"Zotac AMP Extreme Holo",2273.71," RTX 3080 Ti",12,1365,1785,"Black",356
"PNY Founders Edition",3135.02," GTX 1080 Ti",11,1480,1582,"Black / Silver",267
"Asus Turbo",499," RTX 2060",6,1365,1710,"Black / Silver",268
"EVGA XC BLACK GAMING",449," RTX 3050 8GB",8,1550,1777,"Black",202
"Asus TUF GAMING V2",619.9," RTX 3060 Ti LHR",8,1410,1695,"Black",301
"Gigabyte AORUS MASTER Rev 2.0",1185," RTX 3080 10GB LHR",10,1440,1845,"Black",319
"Inno3D Twin X2 OC",669.29," RTX 4070",12,1920,2505,"Black / Silver",250
"Asus STRIX GAMING Advanced",575," RTX 2070",8,1410,1680,"Black",300
"MSI D6 AERO ITX OC",188.06," GTX 1650 G6",4,1410,1620,"Black / White",170
"XFX Speedster MERC 319",2002.49," RX 6900 XT",16,1825,2365,"Black",340
"Inno3D iChill X3",799.74," RTX 4070 Ti",12,2310,2670,"Black",334
"EVGA FTW3 GAMING",1079," RTX 2080 Ti",11,1350,1545,"",302
"Asus STRIX GAMING OC",500.97," GTX 1650 G5",4,1485,1860,"Black",242
"Sapphire TOXIC Limited Edition",1334.93," RX 6900 XT",16,1825,2600,"Black",270
"Asus Founders Edition",559," GTX 1080",8,1607,1733,"Black / Silver",267
"Gigabyte EAGLE OC",1595," RTX 3090",24,1395,1725,"Black",320
"Gigabyte GAMING OC",2742.76," RTX 2070",8,1620,1740,"Black / Gray",280
"Zotac GAMING Trinity",1989.99," RTX 3080 Ti",12,1365,1665,"Black / Silver",318
"EVGA FTW+ GAMING",399," GTX 1060 3GB",3,1632,1860,"Black",267
"Gigabyte AORUS MASTER",1015.48," RX 6800",16,1700,2190,"Black",324
"Asus Phoenix OC",209.99," GTX 1650 G6",4,1410,1665,"Black",174
"EVGA SC2 Gaming iCX",598," GTX 1080",8,1708,1847,"White / Black",267
"MSI SEA HAWK X",855," RTX 2080",8,1515,1860,"Black / Silver",268
"Gigabyte OC",279.99," RX 5500 XT",4,1647,1845,"Black / Gray",225
"MSI Founders Edition",679," GTX 1080 Ti",11,1480,1582,"Black / Silver",267
"Asus DUAL",700," RTX 2060",6,1365,1680,"Black / Silver",270
"PNY XLR8 Gaming Overclocked Edition",1989," RTX 2080 Ti",11,1350,1635,"Black / Silver",302
"EVGA FTW ACX 2.0+",319," GTX 960",2,1304,1367,"Black / White",256
"Zotac GAMING AMP Core Holo",1599," RTX 3090",24,1395,1755,"Black",328
"EVGA DT GAMING",699," GTX 1080 Ti",11,1480,1582,"Silver / Black",300
"MSI VENTUS 2X V1",499," RTX 3060 Ti LHR",8,1410,1665,"Black / Gray",235
"Asus DUAL V2",885.93," RTX 3070 LHR",8,1500,1755,"Black / Silver",267
"PowerColor Red Devil Limited Edition",1999.99," RX 6900 XT",16,1825,2340,"Black",320
"Asus Phoenix EVO OC",169.99," GTX 1650 G6",4,1410,1635,"Black",197
"MSI VENTUS 3X OC",999," RTX 3080 10GB LHR",10,1440,1740,"Black",305
"Gainward Phoenix",1729.9," RTX 4070 Ti",12,2310,2610,"Black",329
"Inno3D N30602-08D6-11902130",460.26," RTX 3050 8GB",8,1320,1777,"Black",240
"EVGA 04G-P4-1976-KR",599," GTX 970",4,1140,1279,"Black / Silver",242
